Area,Observed Frequency,Original Predicted Frequency,Adjusted Predicted Frequency
D,0.09384796315566968,0.08673407786549213,0.09384796315566968
E,0.09046126158584583,0.09659794174292796,0.09046126158584585
A,0.05945399615802392,0.05829878336188747,0.05945399615802392
B,0.06329964267567088,0.05662821021992053,0.06329964267567088
C,0.06190420468993876,0.06881523310410535,0.06190420468993876
F,0.07976281279483599,0.09583881258738884,0.07976281279483599
