Subgroup,Observed,GLM,NN
Global,0.07393438876062272,0.07395435443821648,0.07433246280794525
