Area,Observed Frequency,Original Predicted Frequency,Adjusted Predicted Frequency
D,0.09384796315566968,0.07416169859847359,0.09384796315566968
E,0.09046126158584583,0.07567272463462582,0.09046126158584583
A,0.05945399615802392,0.07486748170733959,0.05945399615802392
B,0.06329964267567088,0.07296110356303791,0.06329964267567088
C,0.06190420468993876,0.07380173997575698,0.06190420468993875
F,0.07976281279483599,0.07567855881119291,0.07976281279483599
