Area,obs,glm,nn
A,0.05945399615802392,0.05816423305203695,0.015244454851604304
B,0.06329964267567088,0.056665710683103755,0.014402045739179407
C,0.06190420468993876,0.06903842573499251,0.014786031324547587
D,0.09384796315566968,0.08660936277897575,0.016249273373777396
E,0.09046126158584583,0.09644135625615957,0.014496860267012633
F,0.07976281279483599,0.09554265860307153,0.01777617673795376
